traffic_model,origin_address,destination_address,origin_lat,origin_lng,destination_lat,destination_lng,distance,duration,duration_in_traffic,traffic_density,green_light,red_light,current_time,current_date,input_origin,input_destination
best_guess,"Silk Board junction, Sector 6, HSR Layout, Bengaluru, Karnataka 560102","XHGC+JV7, Kempegowda, Gandhi Nagar, Bengaluru, Karnataka 560009, India",12.9165714,77.6233827,12.9765375,77.5721719,13.4 km,46 mins,59 mins,4.41,88.92,30,18:48:59,06-12-2024,"Silk Board Junction, Bengaluru","Majestic Bus Stand, Bengaluru"
optimistic,"Silk Board junction, Sector 6, HSR Layout, Bengaluru, Karnataka 560102","XHGC+JV7, Kempegowda, Gandhi Nagar, Bengaluru, Karnataka 560009, India",12.9165714,77.6233827,12.9765375,77.5721719,13.9 km,47 mins,41 mins,2.97,71.43,30,18:49:00,06-12-2024,"Silk Board Junction, Bengaluru","Majestic Bus Stand, Bengaluru"
pessimistic,"Silk Board junction, Sector 6, HSR Layout, Bengaluru, Karnataka 560102","XHGC+JV7, Kempegowda, Gandhi Nagar, Bengaluru, Karnataka 560009, India",12.9165714,77.6233827,12.9765375,77.5721719,13.9 km,47 mins,1 hour 36 mins,6.91,126.32,30,18:49:01,06-12-2024,"Silk Board Junction, Bengaluru","Majestic Bus Stand, Bengaluru"
best_guess,"Marathalli Brg, Bengaluru, Karnataka 560037, India","Electronic City, Bengaluru, Karnataka, India",12.9566278,77.7052217,12.8452145,77.6601695,21.7 km,42 mins,1 hour 10 mins,3.24,100.13,30,18:49:02,06-12-2024,"Marathahalli Bridge, Bengaluru","Electronic City, Bengaluru"
optimistic,"Marathalli Brg, Bengaluru, Karnataka 560037, India","Electronic City, Bengaluru, Karnataka, India",12.9566278,77.7052217,12.8452145,77.6601695,21.7 km,41 mins,41 mins,1.88,70.67,30,18:49:03,06-12-2024,"Marathahalli Bridge, Bengaluru","Electronic City, Bengaluru"
pessimistic,"Marathalli Brg, Bengaluru, Karnataka 560037, India","Electronic City, Bengaluru, Karnataka, India",12.9566278,77.7052217,12.8452145,77.6601695,21.7 km,41 mins,1 hour 27 mins,4.02,117.25,30,18:49:04,06-12-2024,"Marathahalli Bridge, Bengaluru","Electronic City, Bengaluru"
best_guess,"Sarjapur Main Rd, Bengaluru, Karnataka, India","Whitefield, Bengaluru, Karnataka, India",12.9109118,77.684418,12.9698196,77.7499721,13.4 km,34 mins,53 mins,3.98,83.22,30,18:49:05,06-12-2024,"Sarjapur Road, Bengaluru","Whitefield, Bengaluru"
optimistic,"Sarjapur Main Rd, Bengaluru, Karnataka, India","Whitefield, Bengaluru, Karnataka, India",12.9109118,77.684418,12.9698196,77.7499721,13.4 km,34 mins,34 mins,2.56,64.23,30,18:49:06,06-12-2024,"Sarjapur Road, Bengaluru","Whitefield, Bengaluru"
pessimistic,"Sarjapur Main Rd, Bengaluru, Karnataka, India","Whitefield, Bengaluru, Karnataka, India",12.9109118,77.684418,12.9698196,77.7499721,13.4 km,34 mins,1 hour 3 mins,4.68,92.58,30,18:49:07,06-12-2024,"Sarjapur Road, Bengaluru","Whitefield, Bengaluru"
best_guess,"Mysore Rd, Bengaluru, Karnataka, India","Yeswanthpur, Bengaluru, Karnataka, India",12.9015477,77.4682846,13.0250302,77.53402419999999,26.5 km,37 mins,46 mins,1.74,76.27,30,18:49:08,06-12-2024,"Mysore Road, Bengaluru","Yeshwanthpur, Bengaluru"
optimistic,"Mysore Rd, Bengaluru, Karnataka, India","Yeswanthpur, Bengaluru, Karnataka, India",12.9015477,77.4682846,13.0250302,77.53402419999999,26.5 km,37 mins,36 mins,1.37,66.25,30,18:49:08,06-12-2024,"Mysore Road, Bengaluru","Yeshwanthpur, Bengaluru"
pessimistic,"Mysore Rd, Bengaluru, Karnataka, India","Yeswanthpur, Bengaluru, Karnataka, India",12.9015477,77.4682846,13.0250302,77.53402419999999,26.5 km,37 mins,58 mins,2.18,87.92,30,18:49:09,06-12-2024,"Mysore Road, Bengaluru","Yeshwanthpur, Bengaluru"
best_guess,"Mahatma Gandhi Rd, Bengaluru, Karnataka, India","Hosakerehalli, Bengaluru, Karnataka, India",12.9747306,77.6094877,12.9221653,77.5362561,13.7 km,47 mins,1 hour 4 mins,4.63,93.52,30,18:49:11,06-12-2024,"MG Road, Bengaluru","Hosakerehalli, Bengaluru"
optimistic,"Mahatma Gandhi Rd, Bengaluru, Karnataka, India","Hosakerehalli, Bengaluru, Karnataka, India",12.9747306,77.6094877,12.9221653,77.5362561,13.1 km,45 mins,44 mins,3.35,74.0,30,18:49:12,06-12-2024,"MG Road, Bengaluru","Hosakerehalli, Bengaluru"
pessimistic,"Mahatma Gandhi Rd, Bengaluru, Karnataka, India","Hosakerehalli, Bengaluru, Karnataka, India",12.9747306,77.6094877,12.9221653,77.5362561,13.1 km,45 mins,1 hour 32 mins,7.0,121.88,30,18:49:13,06-12-2024,"MG Road, Bengaluru","Hosakerehalli, Bengaluru"
best_guess,"Ashram Chowk, NH2, Block A, Friends Colony East, New Friends Colony, New Delhi, Delhi 110065, India","Connaught Place, New Delhi, Delhi 110001, India",28.570493,77.26000499999999,28.6304203,77.21772159999999,10.8 km,25 mins,40 mins,3.74,70.4,30,18:49:14,06-12-2024,"Ashram Chowk, Delhi","Connaught Place, Delhi"
optimistic,"Ashram Chowk, NH2, Block A, Friends Colony East, New Friends Colony, New Delhi, Delhi 110065, India","Connaught Place, New Delhi, Delhi 110001, India",28.570493,77.26000499999999,28.6304203,77.21772159999999,10.8 km,25 mins,24 mins,2.2,53.78,30,18:49:15,06-12-2024,"Ashram Chowk, Delhi","Connaught Place, Delhi"
pessimistic,"Ashram Chowk, NH2, Block A, Friends Colony East, New Friends Colony, New Delhi, Delhi 110065, India","Connaught Place, New Delhi, Delhi 110001, India",28.570493,77.26000499999999,28.6304203,77.21772159999999,10.8 km,25 mins,55 mins,5.05,84.5,30,18:49:16,06-12-2024,"Ashram Chowk, Delhi","Connaught Place, Delhi"
best_guess,"Sector 21, Shahabad Mohammadpur, Delhi, India","Wave City Center, Sector 32, Noida, Uttar Pradesh 201301, India",28.5606592,77.0718052,28.5793294,77.35083449999999,39.0 km,1 hour 8 mins,1 hour 56 mins,2.99,146.43,30,18:49:17,06-12-2024,"Dwarka Sector 21, Delhi","Noida City Centre, Noida"
optimistic,"Sector 21, Shahabad Mohammadpur, Delhi, India","Wave City Center, Sector 32, Noida, Uttar Pradesh 201301, India",28.5606592,77.0718052,28.5793294,77.35083449999999,41.4 km,1 hour 9 mins,1 hour 27 mins,2.11,117.33,30,18:49:18,06-12-2024,"Dwarka Sector 21, Delhi","Noida City Centre, Noida"
pessimistic,"Sector 21, Shahabad Mohammadpur, Delhi, India","Wave City Center, Sector 32, Noida, Uttar Pradesh 201301, India",28.5606592,77.0718052,28.5793294,77.35083449999999,41.4 km,1 hour 9 mins,2 hours 17 mins,3.32,167.42,30,18:49:19,06-12-2024,"Dwarka Sector 21, Delhi","Noida City Centre, Noida"
best_guess,"Saket, New Delhi, Delhi 110017, India","Rajouri Garden, Delhi, India",28.5220971,77.2101534,28.6417002,77.12245290000001,20.0 km,42 mins,1 hour 15 mins,3.77,105.27,30,18:49:20,06-12-2024,"Saket, Delhi","Rajouri Garden, Delhi"
optimistic,"Saket, New Delhi, Delhi 110017, India","Rajouri Garden, Delhi, India",28.5220971,77.2101534,28.6417002,77.12245290000001,24.2 km,48 mins,54 mins,2.25,84.42,30,18:49:21,06-12-2024,"Saket, Delhi","Rajouri Garden, Delhi"
pessimistic,"Saket, New Delhi, Delhi 110017, India","Rajouri Garden, Delhi, India",28.5220971,77.2101534,28.6417002,77.12245290000001,24.3 km,47 mins,1 hour 46 mins,4.38,136.38,30,18:49:22,06-12-2024,"Saket, Delhi","Rajouri Garden, Delhi"
best_guess,"Vasant Kunj, New Delhi, Delhi, India","Lajpat Nagar, New Delhi, Delhi, India",28.5293121,77.1484442,28.5649034,77.2403317,13.4 km,33 mins,49 mins,3.69,79.45,30,18:49:23,06-12-2024,"Vasant Kunj, Delhi","Lajpat Nagar, Delhi"
optimistic,"Vasant Kunj, New Delhi, Delhi, India","Lajpat Nagar, New Delhi, Delhi, India",28.5293121,77.1484442,28.5649034,77.2403317,13.4 km,33 mins,37 mins,2.77,67.18,30,18:49:24,06-12-2024,"Vasant Kunj, Delhi","Lajpat Nagar, Delhi"
pessimistic,"Vasant Kunj, New Delhi, Delhi, India","Lajpat Nagar, New Delhi, Delhi, India",28.5293121,77.1484442,28.5649034,77.2403317,13.4 km,33 mins,1 hour 15 mins,5.56,104.58,30,18:49:25,06-12-2024,"Vasant Kunj, Delhi","Lajpat Nagar, Delhi"
best_guess,"Chandni Chowk, Delhi, India","Sector 13, Rohini, Delhi, India",28.6505331,77.23033699999999,28.7225368,77.12775859999999,20.7 km,43 mins,1 hour 10 mins,3.37,100.02,30,18:49:26,06-12-2024,"Chandni Chowk, Delhi","Rohini Sector 13, Delhi"
optimistic,"Chandni Chowk, Delhi, India","Sector 13, Rohini, Delhi, India",28.6505331,77.23033699999999,28.7225368,77.12775859999999,20.7 km,43 mins,51 mins,2.46,81.12,30,18:49:27,06-12-2024,"Chandni Chowk, Delhi","Rohini Sector 13, Delhi"
pessimistic,"Chandni Chowk, Delhi, India","Sector 13, Rohini, Delhi, India",28.6505331,77.23033699999999,28.7225368,77.12775859999999,20.7 km,43 mins,1 hour 32 mins,4.44,122.13,30,18:49:28,06-12-2024,"Chandni Chowk, Delhi","Rohini Sector 13, Delhi"
best_guess,"Bandra Kurla Complex, Bandra East, Mumbai, Maharashtra, India","Nariman Point, Mumbai, Maharashtra, India",19.0687893,72.87026469999999,18.9255728,72.8242221,23.3 km,49 mins,1 hour 1 min,2.61,90.67,30,18:49:29,06-12-2024,"Bandra Kurla Complex, Mumbai","Nariman Point, Mumbai"
optimistic,"Bandra Kurla Complex, Bandra East, Mumbai, Maharashtra, India","Nariman Point, Mumbai, Maharashtra, India",19.0687893,72.87026469999999,18.9255728,72.8242221,23.3 km,49 mins,45 mins,1.95,75.28,30,18:49:30,06-12-2024,"Bandra Kurla Complex, Mumbai","Nariman Point, Mumbai"
pessimistic,"Bandra Kurla Complex, Bandra East, Mumbai, Maharashtra, India","Nariman Point, Mumbai, Maharashtra, India",19.0687893,72.87026469999999,18.9255728,72.8242221,23.3 km,49 mins,1 hour 25 mins,3.65,114.92,30,18:49:31,06-12-2024,"Bandra Kurla Complex, Mumbai","Nariman Point, Mumbai"
best_guess,"Andheri West, Mumbai, Maharashtra 400047, India","Thane West, Mumbai, Maharashtra, India",19.1364016,72.8296252,19.2467218,72.9759713,34.2 km,1 hour 12 mins,1 hour 50 mins,3.22,139.93,30,18:49:32,06-12-2024,"Andheri West, Mumbai","Thane West, Mumbai"
optimistic,"Andheri West, Mumbai, Maharashtra 400047, India","Thane West, Mumbai, Maharashtra, India",19.1364016,72.8296252,19.2467218,72.9759713,34.2 km,1 hour 12 mins,1 hour 28 mins,2.59,118.37,30,18:49:33,06-12-2024,"Andheri West, Mumbai","Thane West, Mumbai"
pessimistic,"Andheri West, Mumbai, Maharashtra 400047, India","Thane West, Mumbai, Maharashtra, India",19.1364016,72.8296252,19.2467218,72.9759713,34.2 km,1 hour 12 mins,2 hours 53 mins,5.06,202.88,30,18:49:34,06-12-2024,"Andheri West, Mumbai","Thane West, Mumbai"
best_guess,"Powai, Mumbai, Maharashtra, India","Mumbai, Maharashtra, India",19.1175993,72.9059747,19.0759837,72.8776559,9.0 km,36 mins,46 mins,5.07,75.73,30,18:49:35,06-12-2024,"Powai, Mumbai","Navi Mumbai, Mumbai"
optimistic,"Powai, Mumbai, Maharashtra, India","Mumbai, Maharashtra, India",19.1175993,72.9059747,19.0759837,72.8776559,9.0 km,36 mins,36 mins,3.96,65.73,30,18:49:35,06-12-2024,"Powai, Mumbai","Navi Mumbai, Mumbai"
pessimistic,"Powai, Mumbai, Maharashtra, India","Mumbai, Maharashtra, India",19.1175993,72.9059747,19.0759837,72.8776559,7.5 km,31 mins,1 hour 8 mins,8.98,97.7,30,18:49:36,06-12-2024,"Powai, Mumbai","Navi Mumbai, Mumbai"
best_guess,"Dadar TT Cir, Dadar East, Dadar, Mumbai, Maharashtra 400014, India","Colaba, Mumbai, Maharashtra, India",19.0180404,72.8476603,18.9067031,72.8147123,14.5 km,37 mins,45 mins,3.08,74.55,30,18:49:37,06-12-2024,"Dadar TT Circle, Mumbai","Colaba, Mumbai"
optimistic,"Dadar TT Cir, Dadar East, Dadar, Mumbai, Maharashtra 400014, India","Colaba, Mumbai, Maharashtra, India",19.0180404,72.8476603,18.9067031,72.8147123,14.5 km,37 mins,31 mins,2.15,61.15,30,18:49:38,06-12-2024,"Dadar TT Circle, Mumbai","Colaba, Mumbai"
pessimistic,"Dadar TT Cir, Dadar East, Dadar, Mumbai, Maharashtra 400014, India","Colaba, Mumbai, Maharashtra, India",19.0180404,72.8476603,18.9067031,72.8147123,14.5 km,37 mins,1 hour 6 mins,4.55,95.92,30,18:49:39,06-12-2024,"Dadar TT Circle, Mumbai","Colaba, Mumbai"
best_guess,"Mulund West, Mumbai, Maharashtra, India","Kurla, Mumbai, Maharashtra, India",19.1758825,72.95211929999999,19.0726295,72.8844721,19.6 km,36 mins,48 mins,2.45,77.95,30,18:49:40,06-12-2024,"Mulund Check Naka, Mumbai","Kurla, Mumbai"
optimistic,"Mulund West, Mumbai, Maharashtra, India","Kurla, Mumbai, Maharashtra, India",19.1758825,72.95211929999999,19.0726295,72.8844721,19.6 km,36 mins,41 mins,2.1,71.17,30,18:49:41,06-12-2024,"Mulund Check Naka, Mumbai","Kurla, Mumbai"
pessimistic,"Mulund West, Mumbai, Maharashtra, India","Kurla, Mumbai, Maharashtra, India",19.1758825,72.95211929999999,19.0726295,72.8844721,19.6 km,36 mins,1 hour 14 mins,3.79,104.12,30,18:49:42,06-12-2024,"Mulund Check Naka, Mumbai","Kurla, Mumbai"
best_guess,"Punjagutta Rd, Hyderabad, Telangana, India","HITEC City, Hyderabad, Telangana 500081, India",17.4236885,78.4542807,17.4434646,78.3771953,11.6 km,30 mins,45 mins,3.86,74.62,30,18:49:43,06-12-2024,"Punjagutta Circle, Hyderabad","Hi-Tech City, Hyderabad"
optimistic,"Punjagutta Rd, Hyderabad, Telangana, India","HITEC City, Hyderabad, Telangana 500081, India",17.4236885,78.4542807,17.4434646,78.3771953,11.4 km,29 mins,31 mins,2.7,60.77,30,18:49:43,06-12-2024,"Punjagutta Circle, Hyderabad","Hi-Tech City, Hyderabad"
pessimistic,"Punjagutta Rd, Hyderabad, Telangana, India","HITEC City, Hyderabad, Telangana 500081, India",17.4236885,78.4542807,17.4434646,78.3771953,11.4 km,29 mins,1 hour 4 mins,5.65,94.38,30,18:49:44,06-12-2024,"Punjagutta Circle, Hyderabad","Hi-Tech City, Hyderabad"
best_guess,"Gachibowli, Hyderabad, Telangana, India","Secunderabad Junction, Secunderabad Railway Station Rd, Railway Officer Colony, Botiguda, Bhoiguda, Secunderabad, Telangana 500025, India",17.4400802,78.3489168,17.4337454,78.50157420000001,22.4 km,48 mins,1 hour 18 mins,3.46,107.62,30,18:49:45,06-12-2024,"Gachibowli, Hyderabad","Secunderabad Railway Station, Hyderabad"
optimistic,"Gachibowli, Hyderabad, Telangana, India","Secunderabad Junction, Secunderabad Railway Station Rd, Railway Officer Colony, Botiguda, Bhoiguda, Secunderabad, Telangana 500025, India",17.4400802,78.3489168,17.4337454,78.50157420000001,22.4 km,48 mins,58 mins,2.59,88.05,30,18:49:46,06-12-2024,"Gachibowli, Hyderabad","Secunderabad Railway Station, Hyderabad"
pessimistic,"Gachibowli, Hyderabad, Telangana, India","Secunderabad Junction, Secunderabad Railway Station Rd, Railway Officer Colony, Botiguda, Bhoiguda, Secunderabad, Telangana 500025, India",17.4400802,78.3489168,17.4337454,78.50157420000001,23.2 km,54 mins,1 hour 51 mins,4.78,141.03,30,18:49:47,06-12-2024,"Gachibowli, Hyderabad","Secunderabad Railway Station, Hyderabad"
best_guess,"Kukatpally, Hyderabad, Telangana, India","Banjara Hills, Hyderabad, Telangana, India",17.4875418,78.3953462,17.416889,78.43867,16.0 km,34 mins,48 mins,3.01,78.12,30,18:49:48,06-12-2024,"Kukatpally, Hyderabad","Banjara Hills, Hyderabad"
optimistic,"Kukatpally, Hyderabad, Telangana, India","Banjara Hills, Hyderabad, Telangana, India",17.4875418,78.3953462,17.416889,78.43867,16.0 km,34 mins,38 mins,2.37,67.92,30,18:49:49,06-12-2024,"Kukatpally, Hyderabad","Banjara Hills, Hyderabad"
pessimistic,"Kukatpally, Hyderabad, Telangana, India","Banjara Hills, Hyderabad, Telangana, India",17.4875418,78.3953462,17.416889,78.43867,16.0 km,34 mins,1 hour 3 mins,3.96,93.35,30,18:49:50,06-12-2024,"Kukatpally, Hyderabad","Banjara Hills, Hyderabad"
best_guess,"Jubilee Hills, Hyderabad, Telangana, India","Lakdikapul, Hyderabad, Telangana 500004, India",17.4325894,78.4070691,17.3992721,78.4627103,9.3 km,27 mins,46 mins,4.96,76.08,30,18:49:51,06-12-2024,"Jubilee Hills, Hyderabad","Lakdikapul, Hyderabad"
optimistic,"Jubilee Hills, Hyderabad, Telangana, India","Lakdikapul, Hyderabad, Telangana 500004, India",17.4325894,78.4070691,17.3992721,78.4627103,9.3 km,27 mins,31 mins,3.32,60.88,30,18:49:52,06-12-2024,"Jubilee Hills, Hyderabad","Lakdikapul, Hyderabad"
pessimistic,"Jubilee Hills, Hyderabad, Telangana, India","Lakdikapul, Hyderabad, Telangana 500004, India",17.4325894,78.4070691,17.3992721,78.4627103,9.3 km,27 mins,1 hour 3 mins,6.75,92.73,30,18:49:53,06-12-2024,"Jubilee Hills, Hyderabad","Lakdikapul, Hyderabad"
best_guess,"Charminar, Ghansi Bazaar, Hyderabad, Telangana 500002, India","Rajiv Gandhi International Airport (HYD), Shamshabad, Hyderabad, Telangana 500409, India",17.3609976,78.4730632,17.2402827,78.429358,19.4 km,37 mins,42 mins,2.15,71.72,30,18:49:54,06-12-2024,"Charminar, Hyderabad","RGIA Airport, Hyderabad"
optimistic,"Charminar, Ghansi Bazaar, Hyderabad, Telangana 500002, India","Rajiv Gandhi International Airport (HYD), Shamshabad, Hyderabad, Telangana 500409, India",17.3609976,78.4730632,17.2402827,78.429358,19.4 km,37 mins,35 mins,1.82,65.2,30,18:49:55,06-12-2024,"Charminar, Hyderabad","RGIA Airport, Hyderabad"
pessimistic,"Charminar, Ghansi Bazaar, Hyderabad, Telangana 500002, India","Rajiv Gandhi International Airport (HYD), Shamshabad, Hyderabad, Telangana 500409, India",17.3609976,78.4730632,17.2402827,78.429358,19.4 km,37 mins,56 mins,2.9,86.12,30,18:49:56,06-12-2024,"Charminar, Hyderabad","RGIA Airport, Hyderabad"
best_guess,"Anna Salai, Chennai, Tamil Nadu, India","Tambaram, Chennai, Tamil Nadu, India",13.0425386,80.247538,12.9249308,80.1000026,23.4 km,50 mins,1 hour 28 mins,3.74,117.7,30,18:49:57,06-12-2024,"Anna Salai, Chennai","Tambaram, Chennai"
optimistic,"Anna Salai, Chennai, Tamil Nadu, India","Tambaram, Chennai, Tamil Nadu, India",13.0425386,80.247538,12.9249308,80.1000026,23.4 km,50 mins,1 hour 6 mins,2.83,96.42,30,18:49:59,06-12-2024,"Anna Salai, Chennai","Tambaram, Chennai"
pessimistic,"Anna Salai, Chennai, Tamil Nadu, India","Tambaram, Chennai, Tamil Nadu, India",13.0425386,80.247538,12.9249308,80.1000026,23.4 km,50 mins,2 hours 6 mins,5.39,156.4,30,18:50:00,06-12-2024,"Anna Salai, Chennai","Tambaram, Chennai"
best_guess,"Guindy, Chennai, Tamil Nadu, India","Thiruvanmiyur, Chennai, Tamil Nadu, India",13.0066625,80.2206369,12.9830269,80.2594001,9.5 km,25 mins,40 mins,4.15,69.52,30,18:50:00,06-12-2024,"Guindy, Chennai","Thiruvanmiyur, Chennai"
optimistic,"Guindy, Chennai, Tamil Nadu, India","Thiruvanmiyur, Chennai, Tamil Nadu, India",13.0066625,80.2206369,12.9830269,80.2594001,9.5 km,25 mins,26 mins,2.78,56.43,30,18:50:01,06-12-2024,"Guindy, Chennai","Thiruvanmiyur, Chennai"
pessimistic,"Guindy, Chennai, Tamil Nadu, India","Thiruvanmiyur, Chennai, Tamil Nadu, India",13.0066625,80.2206369,12.9830269,80.2594001,9.5 km,25 mins,54 mins,5.69,84.18,30,18:50:02,06-12-2024,"Guindy, Chennai","Thiruvanmiyur, Chennai"
best_guess,"Vadapalani, Chennai, Tamil Nadu, India","Puratchi Thalaivar Dr. M.G. Ramachandran Central Railway Station (Chennai), Periamet, Kannappar Thidal, Chennai, Tamil Nadu 600003, India",13.0499711,80.2121306,13.0832022,80.27552519999999,10.8 km,32 mins,41 mins,3.84,71.42,30,18:50:04,06-12-2024,"Vadapalani, Chennai","Chennai Central Railway Station, Chennai"
optimistic,"Vadapalani, Chennai, Tamil Nadu, India","Puratchi Thalaivar Dr. M.G. Ramachandran Central Railway Station (Chennai), Periamet, Kannappar Thidal, Chennai, Tamil Nadu 600003, India",13.0499711,80.2121306,13.0832022,80.27552519999999,10.8 km,32 mins,31 mins,2.9,61.25,30,18:50:04,06-12-2024,"Vadapalani, Chennai","Chennai Central Railway Station, Chennai"
pessimistic,"Vadapalani, Chennai, Tamil Nadu, India","Puratchi Thalaivar Dr. M.G. Ramachandran Central Railway Station (Chennai), Periamet, Kannappar Thidal, Chennai, Tamil Nadu 600003, India",13.0499711,80.2121306,13.0832022,80.27552519999999,10.7 km,29 mins,1 hour 10 mins,6.55,99.9,30,18:50:05,06-12-2024,"Vadapalani, Chennai","Chennai Central Railway Station, Chennai"
best_guess,"Egmore, Chennai, Tamil Nadu, India","Sholinganallur, Chennai, Tamil Nadu, India",13.0732259,80.2609209,12.9009877,80.2279301,22.7 km,52 mins,1 hour 33 mins,4.09,122.82,30,18:50:06,06-12-2024,"Egmore, Chennai","Sholinganallur, Chennai"
optimistic,"Egmore, Chennai, Tamil Nadu, India","Sholinganallur, Chennai, Tamil Nadu, India",13.0732259,80.2609209,12.9009877,80.2279301,22.7 km,52 mins,1 hour 3 mins,2.77,92.82,30,18:50:07,06-12-2024,"Egmore, Chennai","Sholinganallur, Chennai"
pessimistic,"Egmore, Chennai, Tamil Nadu, India","Sholinganallur, Chennai, Tamil Nadu, India",13.0732259,80.2609209,12.9009877,80.2279301,22.7 km,52 mins,1 hour 51 mins,4.91,141.32,30,18:50:08,06-12-2024,"Egmore, Chennai","Sholinganallur, Chennai"
best_guess,"T. Nagar, Chennai, Tamil Nadu, India","Perambur, Chennai, Tamil Nadu, India",13.0417591,80.2340761,13.1210302,80.2325781,13.9 km,40 mins,59 mins,4.2,88.5,30,18:50:09,06-12-2024,"T. Nagar, Chennai","Perambur, Chennai"
optimistic,"T. Nagar, Chennai, Tamil Nadu, India","Perambur, Chennai, Tamil Nadu, India",13.0417591,80.2340761,13.1210302,80.2325781,13.9 km,40 mins,42 mins,3.0,71.75,30,18:50:11,06-12-2024,"T. Nagar, Chennai","Perambur, Chennai"
pessimistic,"T. Nagar, Chennai, Tamil Nadu, India","Perambur, Chennai, Tamil Nadu, India",13.0417591,80.2340761,13.1210302,80.2325781,13.9 km,40 mins,1 hour 21 mins,5.8,110.72,30,18:50:12,06-12-2024,"T. Nagar, Chennai","Perambur, Chennai"
best_guess,"Howrah Maidan Metro, Howrah Railway Station, Howrah, West Bengal 711101, India","Park St, Kolkata, West Bengal, India",22.5833782,88.3337983,22.5541098,88.351357,6.3 km,19 mins,30 mins,4.67,59.6,30,18:50:13,06-12-2024,"Howrah Maidan, Kolkata","Park Street, Kolkata"
optimistic,"Howrah Maidan Metro, Howrah Railway Station, Howrah, West Bengal 711101, India","Park St, Kolkata, West Bengal, India",22.5833782,88.3337983,22.5541098,88.351357,6.3 km,19 mins,20 mins,3.17,50.08,30,18:50:14,06-12-2024,"Howrah Maidan, Kolkata","Park Street, Kolkata"
pessimistic,"Howrah Maidan Metro, Howrah Railway Station, Howrah, West Bengal 711101, India","Park St, Kolkata, West Bengal, India",22.5833782,88.3337983,22.5541098,88.351357,6.3 km,19 mins,42 mins,6.67,72.3,30,18:50:14,06-12-2024,"Howrah Maidan, Kolkata","Park Street, Kolkata"
best_guess,"Esplanade, Janbazar, Taltala, Kolkata, West Bengal, India","Gariahat, Kolkata, West Bengal, India",22.5653536,88.35188869999999,22.5170076,88.365819,7.2 km,25 mins,35 mins,4.92,65.35,30,18:50:16,06-12-2024,"Esplanade, Kolkata","Gariahat, Kolkata"
optimistic,"Esplanade, Janbazar, Taltala, Kolkata, West Bengal, India","Gariahat, Kolkata, West Bengal, India",22.5653536,88.35188869999999,22.5170076,88.365819,7.2 km,25 mins,23 mins,3.25,53.35,30,18:50:16,06-12-2024,"Esplanade, Kolkata","Gariahat, Kolkata"
pessimistic,"Esplanade, Janbazar, Taltala, Kolkata, West Bengal, India","Gariahat, Kolkata, West Bengal, India",22.5653536,88.35188869999999,22.5170076,88.365819,7.2 km,25 mins,54 mins,7.48,83.73,30,18:50:17,06-12-2024,"Esplanade, Kolkata","Gariahat, Kolkata"
best_guess,"HCFM+C69, EN Block, Sector V, Bidhannagar, Kolkata, West Bengal 700091, India","Dum Dum, Kolkata, West Bengal, India",22.5735375,88.43310939999999,22.6420109,88.4311688,10.5 km,27 mins,43 mins,4.08,72.63,30,18:50:18,06-12-2024,"Salt Lake Sector V, Kolkata","Dum Dum, Kolkata"
optimistic,"HCFM+C69, EN Block, Sector V, Bidhannagar, Kolkata, West Bengal 700091, India","Dum Dum, Kolkata, West Bengal, India",22.5735375,88.43310939999999,22.6420109,88.4311688,10.5 km,27 mins,30 mins,2.84,59.7,30,18:50:19,06-12-2024,"Salt Lake Sector V, Kolkata","Dum Dum, Kolkata"
pessimistic,"HCFM+C69, EN Block, Sector V, Bidhannagar, Kolkata, West Bengal 700091, India","Dum Dum, Kolkata, West Bengal, India",22.5735375,88.43310939999999,22.6420109,88.4311688,10.5 km,27 mins,1 hour 4 mins,6.14,94.17,30,18:50:20,06-12-2024,"Salt Lake Sector V, Kolkata","Dum Dum, Kolkata"
best_guess,"Shyambazar, Hati Bagan, Kolkata, West Bengal 700004, India","Newtown, Kolkata, West Bengal, India",22.5982031,88.36868659999999,22.5753931,88.47979029999999,14.0 km,39 mins,51 mins,3.65,80.95,30,18:50:21,06-12-2024,"Shyambazar, Kolkata","New Town, Kolkata"
optimistic,"Shyambazar, Hati Bagan, Kolkata, West Bengal 700004, India","Newtown, Kolkata, West Bengal, India",22.5982031,88.36868659999999,22.5753931,88.47979029999999,14.0 km,39 mins,37 mins,2.63,66.67,30,18:50:22,06-12-2024,"Shyambazar, Kolkata","New Town, Kolkata"
pessimistic,"Shyambazar, Hati Bagan, Kolkata, West Bengal 700004, India","Newtown, Kolkata, West Bengal, India",22.5982031,88.36868659999999,22.5753931,88.47979029999999,14.0 km,39 mins,1 hour 15 mins,5.36,104.87,30,18:50:23,06-12-2024,"Shyambazar, Kolkata","New Town, Kolkata"
best_guess,"Sealdah, Raja Bazar, Kolkata, West Bengal, India","Jadavpur, Kolkata, West Bengal, India",22.5654725,88.3712796,22.4954988,88.3709008,9.3 km,31 mins,45 mins,4.88,75.47,30,18:50:24,06-12-2024,"Sealdah, Kolkata","Jadavpur, Kolkata"
optimistic,"Sealdah, Raja Bazar, Kolkata, West Bengal, India","Jadavpur, Kolkata, West Bengal, India",22.5654725,88.3712796,22.4954988,88.3709008,14.0 km,38 mins,36 mins,2.6,66.45,30,18:50:25,06-12-2024,"Sealdah, Kolkata","Jadavpur, Kolkata"
pessimistic,"Sealdah, Raja Bazar, Kolkata, West Bengal, India","Jadavpur, Kolkata, West Bengal, India",22.5654725,88.3712796,22.4954988,88.3709008,14.0 km,39 mins,1 hour 7 mins,4.75,96.8,30,18:50:26,06-12-2024,"Sealdah, Kolkata","Jadavpur, Kolkata"
best_guess,"Phase 3, Hinjawadi Rajiv Gandhi Infotech Park, Hinjawadi, Pune, Pimpri-Chinchwad, Maharashtra 411057, India","Kharadi, Pune, Maharashtra, India",18.5868397,73.68599499999999,18.5538241,73.9476689,35.1 km,1 hour 24 mins,1 hour 54 mins,3.25,144.0,30,18:50:27,06-12-2024,"Hinjawadi Phase 3, Pune","Kharadi, Pune"
optimistic,"Phase 3, Hinjawadi Rajiv Gandhi Infotech Park, Hinjawadi, Pune, Pimpri-Chinchwad, Maharashtra 411057, India","Kharadi, Pune, Maharashtra, India",18.5868397,73.68599499999999,18.5538241,73.9476689,35.5 km,1 hour 31 mins,1 hour 33 mins,2.62,123.07,30,18:50:28,06-12-2024,"Hinjawadi Phase 3, Pune","Kharadi, Pune"
pessimistic,"Phase 3, Hinjawadi Rajiv Gandhi Infotech Park, Hinjawadi, Pune, Pimpri-Chinchwad, Maharashtra 411057, India","Kharadi, Pune, Maharashtra, India",18.5868397,73.68599499999999,18.5538241,73.9476689,35.1 km,1 hour 24 mins,2 hours 38 mins,4.5,188.1,30,18:50:29,06-12-2024,"Hinjawadi Phase 3, Pune","Kharadi, Pune"
best_guess,"Katraj, Pune, Maharashtra, India","Baner, Pune, Maharashtra, India",18.4529322,73.86523799999999,18.5642452,73.7768511,22.0 km,39 mins,49 mins,2.24,79.28,30,18:50:30,06-12-2024,"Katraj, Pune","Baner, Pune"
optimistic,"Katraj, Pune, Maharashtra, India","Baner, Pune, Maharashtra, India",18.4529322,73.86523799999999,18.5642452,73.7768511,22.0 km,39 mins,38 mins,1.75,68.48,30,18:50:31,06-12-2024,"Katraj, Pune","Baner, Pune"
pessimistic,"Katraj, Pune, Maharashtra, India","Baner, Pune, Maharashtra, India",18.4529322,73.86523799999999,18.5642452,73.7768511,22.0 km,39 mins,1 hour 8 mins,3.1,98.0,30,18:50:32,06-12-2024,"Katraj, Pune","Baner, Pune"
best_guess,"Aundh, Pune, Maharashtra, India","Pune Junction railway station, Agarkar Nagar, Pune, Maharashtra 411001, India",18.5601649,73.8031335,18.5284242,73.87386459999999,11.6 km,32 mins,45 mins,3.88,74.97,30,18:50:33,06-12-2024,"Aundh, Pune","Pune Railway Station, Pune"
optimistic,"Aundh, Pune, Maharashtra, India","Pune Junction railway station, Agarkar Nagar, Pune, Maharashtra 411001, India",18.5601649,73.8031335,18.5284242,73.87386459999999,11.6 km,32 mins,34 mins,2.95,64.22,30,18:50:34,06-12-2024,"Aundh, Pune","Pune Railway Station, Pune"
pessimistic,"Aundh, Pune, Maharashtra, India","Pune Junction railway station, Agarkar Nagar, Pune, Maharashtra 411001, India",18.5601649,73.8031335,18.5284242,73.87386459999999,11.6 km,32 mins,1 hour 9 mins,5.99,99.4,30,18:50:34,06-12-2024,"Aundh, Pune","Pune Railway Station, Pune"
best_guess,"Shivajinagar, Pune, Maharashtra, India","Magarpatta, Hadapsar, Pune, Maharashtra, India",18.530263,73.84985879999999,18.5158057,73.9271644,11.2 km,31 mins,47 mins,4.19,77.03,30,18:50:36,06-12-2024,"Shivaji Nagar, Pune","Magarpatta City, Pune"
optimistic,"Shivajinagar, Pune, Maharashtra, India","Magarpatta, Hadapsar, Pune, Maharashtra, India",18.530263,73.84985879999999,18.5158057,73.9271644,11.2 km,31 mins,35 mins,3.15,65.42,30,18:50:37,06-12-2024,"Shivaji Nagar, Pune","Magarpatta City, Pune"
pessimistic,"Shivajinagar, Pune, Maharashtra, India","Magarpatta, Hadapsar, Pune, Maharashtra, India",18.530263,73.84985879999999,18.5158057,73.9271644,11.2 km,31 mins,1 hour 6 mins,5.9,96.25,30,18:50:38,06-12-2024,"Shivaji Nagar, Pune","Magarpatta City, Pune"
best_guess,"Pimpri-Chinchwad, Maharashtra, India","Swargate, Pune, Maharashtra, India",18.6297811,73.7997094,18.5018322,73.8635912,17.7 km,45 mins,56 mins,3.14,85.52,30,18:50:39,06-12-2024,"Pimpri-Chinchwad, Pune","Swargate, Pune"
optimistic,"Pimpri-Chinchwad, Maharashtra, India","Swargate, Pune, Maharashtra, India",18.6297811,73.7997094,18.5018322,73.8635912,17.7 km,45 mins,45 mins,2.54,74.9,30,18:50:40,06-12-2024,"Pimpri-Chinchwad, Pune","Swargate, Pune"
pessimistic,"Pimpri-Chinchwad, Maharashtra, India","Swargate, Pune, Maharashtra, India",18.6297811,73.7997094,18.5018322,73.8635912,17.7 km,45 mins,1 hour 20 mins,4.54,110.27,30,18:50:41,06-12-2024,"Pimpri-Chinchwad, Pune","Swargate, Pune"
best_guess,"Charbagh, Lucknow, Uttar Pradesh, India","Hazratganj, Lucknow, Uttar Pradesh 226001, India",26.8322933,80.9214337,26.8541536,80.94478269999999,4.6 km,16 mins,19 mins,4.21,49.25,30,18:50:42,06-12-2024,"Charbagh, Lucknow","Hazratganj, Lucknow"
optimistic,"Charbagh, Lucknow, Uttar Pradesh, India","Hazratganj, Lucknow, Uttar Pradesh 226001, India",26.8322933,80.9214337,26.8541536,80.94478269999999,4.6 km,16 mins,14 mins,2.95,43.5,30,18:50:42,06-12-2024,"Charbagh, Lucknow","Hazratganj, Lucknow"
pessimistic,"Charbagh, Lucknow, Uttar Pradesh, India","Hazratganj, Lucknow, Uttar Pradesh 226001, India",26.8322933,80.9214337,26.8541536,80.94478269999999,4.6 km,16 mins,33 mins,7.13,62.63,30,18:50:43,06-12-2024,"Charbagh, Lucknow","Hazratganj, Lucknow"
best_guess,"Aminabad, Lucknow, Uttar Pradesh 226018, India","Alambagh, Lucknow, Uttar Pradesh, India",26.8462576,80.9263283,26.8127442,80.9012798,6.0 km,18 mins,25 mins,4.13,54.75,30,18:50:44,06-12-2024,"Aminabad, Lucknow","Alambagh, Lucknow"
optimistic,"Aminabad, Lucknow, Uttar Pradesh 226018, India","Alambagh, Lucknow, Uttar Pradesh, India",26.8462576,80.9263283,26.8127442,80.9012798,6.0 km,18 mins,20 mins,3.35,50.07,30,18:50:45,06-12-2024,"Aminabad, Lucknow","Alambagh, Lucknow"
pessimistic,"Aminabad, Lucknow, Uttar Pradesh 226018, India","Alambagh, Lucknow, Uttar Pradesh, India",26.8462576,80.9263283,26.8127442,80.9012798,6.0 km,18 mins,37 mins,6.21,67.25,30,18:50:46,06-12-2024,"Aminabad, Lucknow","Alambagh, Lucknow"
best_guess,"Indira Nagar, Lucknow, Uttar Pradesh, India","Gomti Nagar, Lucknow, Uttar Pradesh, India",26.8798933,80.9926327,26.8496217,81.0072193,7.3 km,17 mins,20 mins,2.69,49.65,30,18:50:47,06-12-2024,"Indira Nagar, Lucknow","Gomti Nagar, Lucknow"
optimistic,"Indira Nagar, Lucknow, Uttar Pradesh, India","Gomti Nagar, Lucknow, Uttar Pradesh, India",26.8798933,80.9926327,26.8496217,81.0072193,7.3 km,17 mins,15 mins,2.11,45.43,30,18:50:47,06-12-2024,"Indira Nagar, Lucknow","Gomti Nagar, Lucknow"
pessimistic,"Indira Nagar, Lucknow, Uttar Pradesh, India","Gomti Nagar, Lucknow, Uttar Pradesh, India",26.8798933,80.9926327,26.8496217,81.0072193,7.3 km,17 mins,32 mins,4.35,61.87,30,18:50:48,06-12-2024,"Indira Nagar, Lucknow","Gomti Nagar, Lucknow"
best_guess,"Chowk, Lucknow, Uttar Pradesh 226003, India","Vibhuti Khand, Gomti Nagar, Lucknow, Uttar Pradesh 226010, India",26.861739,80.9045064,26.8661776,81.00644419999999,15.2 km,35 mins,43 mins,2.82,72.92,30,18:50:49,06-12-2024,"Chowk, Lucknow","Vibhuti Khand, Lucknow"
optimistic,"Chowk, Lucknow, Uttar Pradesh 226003, India","Vibhuti Khand, Gomti Nagar, Lucknow, Uttar Pradesh 226010, India",26.861739,80.9045064,26.8661776,81.00644419999999,15.2 km,35 mins,34 mins,2.27,64.45,30,18:50:50,06-12-2024,"Chowk, Lucknow","Vibhuti Khand, Lucknow"
pessimistic,"Chowk, Lucknow, Uttar Pradesh 226003, India","Vibhuti Khand, Gomti Nagar, Lucknow, Uttar Pradesh 226010, India",26.861739,80.9045064,26.8661776,81.00644419999999,15.2 km,35 mins,1 hour 4 mins,4.24,94.45,30,18:50:51,06-12-2024,"Chowk, Lucknow","Vibhuti Khand, Lucknow"
best_guess,"Kapoorthla, Chandralok, Lucknow, Uttar Pradesh 226024, India","Cantonment Rd, Lucknow, Uttar Pradesh, India",26.8819465,80.9449643,26.8368337,80.9391032,7.2 km,22 mins,27 mins,3.75,57.17,30,18:50:52,06-12-2024,"Kapoorthala, Lucknow","Cantonment Road, Lucknow"
optimistic,"Kapoorthla, Chandralok, Lucknow, Uttar Pradesh 226024, India","Cantonment Rd, Lucknow, Uttar Pradesh, India",26.8819465,80.9449643,26.8368337,80.9391032,7.3 km,22 mins,21 mins,2.84,50.7,30,18:50:53,06-12-2024,"Kapoorthala, Lucknow","Cantonment Road, Lucknow"
pessimistic,"Kapoorthla, Chandralok, Lucknow, Uttar Pradesh 226024, India","Cantonment Rd, Lucknow, Uttar Pradesh, India",26.8819465,80.9449643,26.8368337,80.9391032,7.3 km,22 mins,42 mins,5.74,71.85,30,18:50:54,06-12-2024,"Kapoorthala, Lucknow","Cantonment Road, Lucknow"
best_guess,"Sector 62, Noida, Uttar Pradesh, India","Sector 18, Noida, Uttar Pradesh 201301, India",28.627981,77.3648567,28.570317,77.3218196,10.0 km,28 mins,32 mins,3.19,62.0,30,18:50:55,06-12-2024,"Sector 62, Noida","Sector 18, Noida"
optimistic,"Sector 62, Noida, Uttar Pradesh, India","Sector 18, Noida, Uttar Pradesh 201301, India",28.627981,77.3648567,28.570317,77.3218196,10.0 km,28 mins,25 mins,2.51,55.15,30,18:50:56,06-12-2024,"Sector 62, Noida","Sector 18, Noida"
pessimistic,"Sector 62, Noida, Uttar Pradesh, India","Sector 18, Noida, Uttar Pradesh 201301, India",28.627981,77.3648567,28.570317,77.3218196,10.0 km,28 mins,58 mins,5.73,87.5,30,18:50:57,06-12-2024,"Sector 62, Noida","Sector 18, Noida"
best_guess,"Sector 15, Noida, Uttar Pradesh, India","Noida, Uttar Pradesh, India",28.5820607,77.3109035,28.5355161,77.3910265,13.1 km,23 mins,31 mins,2.38,61.28,30,18:50:57,06-12-2024,"Sector 15, Noida","Greater Noida, Noida"
optimistic,"Sector 15, Noida, Uttar Pradesh, India","Noida, Uttar Pradesh, India",28.5820607,77.3109035,28.5355161,77.3910265,13.1 km,23 mins,26 mins,1.98,56.03,30,18:50:58,06-12-2024,"Sector 15, Noida","Greater Noida, Noida"
pessimistic,"Sector 15, Noida, Uttar Pradesh, India","Noida, Uttar Pradesh, India",28.5820607,77.3109035,28.5355161,77.3910265,13.1 km,23 mins,49 mins,3.74,79.07,30,18:50:59,06-12-2024,"Sector 15, Noida","Greater Noida, Noida"
best_guess,"Mehrauli-Gurgaon Rd, Gurugram, Haryana, India","Sikanderpur, Sector 26, Gurugram, Haryana, India",28.4815018,77.0927859,28.4794221,77.1068059,4.1 km,10 mins,16 mins,3.88,46.0,30,18:51:00,06-12-2024,"MG Road, Gurgaon","Sikanderpur, Gurgaon"
optimistic,"Mehrauli-Gurgaon Rd, Gurugram, Haryana, India","Sikanderpur, Sector 26, Gurugram, Haryana, India",28.4815018,77.0927859,28.4794221,77.1068059,4.1 km,10 mins,11 mins,2.71,41.17,30,18:51:01,06-12-2024,"MG Road, Gurgaon","Sikanderpur, Gurgaon"
pessimistic,"Mehrauli-Gurgaon Rd, Gurugram, Haryana, India","Sikanderpur, Sector 26, Gurugram, Haryana, India",28.4815018,77.0927859,28.4794221,77.1068059,4.1 km,10 mins,23 mins,5.56,52.93,30,18:51:02,06-12-2024,"MG Road, Gurgaon","Sikanderpur, Gurgaon"
best_guess,"DLF Cyber City, DLF Phase 2, Sector 24, Gurugram, Haryana 122022, India","Phase V, Udyog Vihar, Sector 19, Gurugram, Haryana 122022, India",28.4949762,77.0895421,28.504655,77.08481789999999,2.2 km,8 mins,11 mins,5.11,41.12,30,18:51:03,06-12-2024,"Cyber Hub, Gurgaon","Udyog Vihar Phase V, Gurgaon"
optimistic,"DLF Cyber City, DLF Phase 2, Sector 24, Gurugram, Haryana 122022, India","Phase V, Udyog Vihar, Sector 19, Gurugram, Haryana 122022, India",28.4949762,77.0895421,28.504655,77.08481789999999,2.2 km,8 mins,10 mins,4.73,40.3,30,18:51:04,06-12-2024,"Cyber Hub, Gurgaon","Udyog Vihar Phase V, Gurgaon"
pessimistic,"DLF Cyber City, DLF Phase 2, Sector 24, Gurugram, Haryana 122022, India","Phase V, Udyog Vihar, Sector 19, Gurugram, Haryana 122022, India",28.4949762,77.0895421,28.504655,77.08481789999999,2.2 km,8 mins,18 mins,8.23,47.92,30,18:51:05,06-12-2024,"Cyber Hub, Gurgaon","Udyog Vihar Phase V, Gurgaon"
best_guess,"Gurgaon Rajiv Chowk, Hans Enclave, Sector 33, Gurugram, Haryana 122001, India","Badshahpur Sohna Rd Hwy, Gurugram, Haryana, India",28.4473686,77.0261079,28.3748549,77.056217,13.7 km,22 mins,32 mins,2.33,62.03,30,18:51:06,06-12-2024,"Rajiv Chowk, Gurgaon","Sohna Road, Gurgaon"
optimistic,"Gurgaon Rajiv Chowk, Hans Enclave, Sector 33, Gurugram, Haryana 122001, India","Badshahpur Sohna Rd Hwy, Gurugram, Haryana, India",28.4473686,77.0261079,28.3748549,77.056217,13.7 km,22 mins,21 mins,1.5,50.58,30,18:51:07,06-12-2024,"Rajiv Chowk, Gurgaon","Sohna Road, Gurgaon"
pessimistic,"Gurgaon Rajiv Chowk, Hans Enclave, Sector 33, Gurugram, Haryana 122001, India","Badshahpur Sohna Rd Hwy, Gurugram, Haryana, India",28.4473686,77.0261079,28.3748549,77.056217,13.7 km,22 mins,47 mins,3.45,77.45,30,18:51:08,06-12-2024,"Rajiv Chowk, Gurgaon","Sohna Road, Gurgaon"
best_guess,"Vyttila Junction, Salem - Kochi Hwy, Vyttila, Ernakulam, Kochi, Kerala 682019, India","Edappally, Kochi, Kerala, India",9.968657,76.31837999999999,10.0260688,76.3124753,9.1 km,20 mins,33 mins,3.61,62.83,30,18:51:09,06-12-2024,"Vyttila Junction, Kochi","Edappally, Kochi"
optimistic,"Vyttila Junction, Salem - Kochi Hwy, Vyttila, Ernakulam, Kochi, Kerala 682019, India","Edappally, Kochi, Kerala, India",9.968657,76.31837999999999,10.0260688,76.3124753,9.1 km,20 mins,22 mins,2.37,51.5,30,18:51:10,06-12-2024,"Vyttila Junction, Kochi","Edappally, Kochi"
pessimistic,"Vyttila Junction, Salem - Kochi Hwy, Vyttila, Ernakulam, Kochi, Kerala 682019, India","Edappally, Kochi, Kerala, India",9.968657,76.31837999999999,10.0260688,76.3124753,9.1 km,20 mins,48 mins,5.3,78.22,30,18:51:11,06-12-2024,"Vyttila Junction, Kochi","Edappally, Kochi"
best_guess,"Kalamassery, Kochi, Kerala, India","Fort Kochi, Kochi, Kerala, India",10.0531493,76.3528075,9.9657787,76.2421147,29.8 km,59 mins,1 hour 14 mins,2.48,103.92,30,18:51:12,06-12-2024,"Kalamassery, Kochi","Fort Kochi, Kochi"
optimistic,"Kalamassery, Kochi, Kerala, India","Fort Kochi, Kochi, Kerala, India",10.0531493,76.3528075,9.9657787,76.2421147,29.8 km,59 mins,1 hour 1 min,2.04,90.77,30,18:51:13,06-12-2024,"Kalamassery, Kochi","Fort Kochi, Kochi"
pessimistic,"Kalamassery, Kochi, Kerala, India","Fort Kochi, Kochi, Kerala, India",10.0531493,76.3528075,9.9657787,76.2421147,29.8 km,59 mins,1 hour 48 mins,3.64,138.43,30,18:51:13,06-12-2024,"Kalamassery, Kochi","Fort Kochi, Kochi"
best_guess,"Panampilly Nagar, Kochi, Kerala, India","Marine Drive, Kochi, Kerala, India",9.9588628,76.2956985,9.9771685,76.2773228,4.0 km,11 mins,19 mins,4.84,49.13,30,18:51:15,06-12-2024,"Panampilly Nagar, Kochi","Marine Drive, Kochi"
optimistic,"Panampilly Nagar, Kochi, Kerala, India","Marine Drive, Kochi, Kerala, India",9.9588628,76.2956985,9.9771685,76.2773228,4.0 km,11 mins,10 mins,2.54,40.02,30,18:51:15,06-12-2024,"Panampilly Nagar, Kochi","Marine Drive, Kochi"
pessimistic,"Panampilly Nagar, Kochi, Kerala, India","Marine Drive, Kochi, Kerala, India",9.9588628,76.2956985,9.9771685,76.2773228,4.0 km,11 mins,21 mins,5.35,51.13,30,18:51:16,06-12-2024,"Panampilly Nagar, Kochi","Marine Drive, Kochi"
best_guess,"Thevara, Kochi, Kerala, India","Palarivattom, Kochi, Kerala, India",9.942172399999999,76.3001719,10.0013655,76.310081,12.4 km,24 mins,37 mins,2.97,66.73,30,18:51:17,06-12-2024,"Thevara, Kochi","Palarivattom, Kochi"
optimistic,"Thevara, Kochi, Kerala, India","Palarivattom, Kochi, Kerala, India",9.942172399999999,76.3001719,10.0013655,76.310081,12.4 km,24 mins,26 mins,2.09,55.9,30,18:51:18,06-12-2024,"Thevara, Kochi","Palarivattom, Kochi"
pessimistic,"Thevara, Kochi, Kerala, India","Palarivattom, Kochi, Kerala, India",9.942172399999999,76.3001719,10.0013655,76.310081,12.4 km,24 mins,44 mins,3.53,73.73,30,18:51:19,06-12-2024,"Thevara, Kochi","Palarivattom, Kochi"
